{"options":{"bookmarkThumbHeight":150,"bookmarkThumbWidth":90,"dropEnabled":true,"footerPanelEnabled":true,"headerPanelEnabled":true,"leftPanelEnabled":true,"limitLocales":false,"openTemplate":"http://universalviewer.io?manifest={0}","rightPanelEnabled":true,"theme":"uv-en-GB-theme"},"modules":{"shareDialogue":{"options":{"embedTemplate":"<div class=\"uv\" data-locale=\"{0}\" data-config=\"{1}\" data-uri=\"{2}\" data-collectionindex=\"{3}\" data-manifestindex=\"{4}\" data-sequenceindex=\"{5}\" data-canvasindex=\"{6}\" style=\"width:{7}px; height:{8}px; background-color: #000\"></div>\n<script type=\"text/javascript\" id=\"embedUV\" src=\"{9}\"></script><script type=\"text/javascript\">/* wordpress fix */</script>"},"content":{"customSize":"custom","height":"Height","instructions":"To embed this item in your own website, copy and paste the code below.","share":"Share","embed":"Embed","width":"Width","size":"Size:"}},"footerPanel":{"options":{"downloadEnabled":false,"embedEnabled":false,"feedbackEnabled":false,"minimiseButtons":true,"openEnabled":false,"shareEnabled":true},"content":{"bookmark":"Add to bookmarks","download":"Download","embed":"Embed","exitFullScreen":"Exit Full Screen","fullScreen":"Full Screen","open":"Open"}},"genericDialogue":{"content":{"ok":"OK"}},"headerPanel":{"content":{"close":"Close","help":"Help"}},"helpDialogue":{"content":{"text":"placeholder text","title":"Help"}},"moreInfoRightPanel":{"options":{"canvasExclude":"","displayOrder":"","manifestExclude":"","panelAnimationDuration":250,"panelCollapsedWidth":30,"panelExpandedWidth":255},"content":{"attribution":"Attribution","collapse":"Collapse Information","collapseFull":"Collapse Gallery","description":"Description","expand":"Expand Information","expandFull":"Expand Gallery","holdingText":"Your module goes here!","less":"less","license":"License","logo":"Logo","more":"more","noData":"No data to display","title":"Information"}},"contentLeftPanel":{"options":{"elideCount":40,"galleryThumbHeight":320,"galleryThumbWidth":200,"oneColThumbHeight":320,"oneColThumbWidth":200,"pageModeEnabled":true,"panelAnimationDuration":250,"panelCollapsedWidth":30,"panelExpandedWidth":255,"panelOpen":true,"thumbsEnabled":true,"thumbsExtraHeight":8,"thumbsImageFadeInDuration":300,"thumbsLoadRange":15,"treeEnabled":true,"twoColThumbHeight":150,"twoColThumbWidth":90}},"virtexCenterPanel":{"options":{"showStats":false,"trimAttributionCount":150},"content":{"attribution":"Attribution","zoomIn":"Zoom In","zoomOut":"Zoom Out"}},"dialogue":{"content":{"close":"Close"}},"downloadDialogue":{"content":{"download":"Download","entireFileAsOriginal":"Entire file ({0})","noneAvailable":"No download options are available.","preview":"Preview","title":"Download"}},"loginDialogue":{"content":{"login":"Login","cancel":"Cancel"}},"mediaelementCenterPanel":{"content":{}},"settingsDialogue":{"content":{"locale":"Locale","pagingEnabled":"Two Page View","preserveViewport":"Preserve Zoom","title":"Settings","website":"<a href='https://github.com/universalviewer/universalviewer'>more info</a>"}}},"localisation":{"label":"English (GB)","locales":[{"name":"cy-GB","label":"Cymraeg"},{"name":"en-GB","label":"English (GB)"}]},"content":{"authCORSError":"Your browser does not support CORS, please upgrade to view this content.","authorisationFailedMessage":"Your log-in attempt did not appear to be successful. Please try again.","degradedResourceMessage":"Please log in to view at full quality.","degradedResourceLogin":"log in","forbiddenResourceMessage":"Your current access rights are insufficient to view this image"}}