{"options":{"bookmarkThumbHeight":150,"bookmarkThumbWidth":90,"dropEnabled":true,"footerPanelEnabled":true,"headerPanelEnabled":true,"leftPanelEnabled":true,"limitLocales":false,"openTemplate":"http://universalviewer.io?manifest={0}","pessimisticAccessControl":false,"rightPanelEnabled":true,"theme":"uv-en-GB-theme"},"modules":{"shareDialogue":{"options":{"embedTemplate":"<div class=\"uv\" data-locale=\"{0}\" data-config=\"{1}\" data-uri=\"{2}\" data-collectionindex=\"{3}\" data-manifestindex=\"{4}\" data-sequenceindex=\"{5}\" data-canvasindex=\"{6}\" style=\"width:{7}px; height:{8}px; background-color: #000\"></div>\n<script type=\"text/javascript\" id=\"embedUV\" src=\"{9}\"></script><script type=\"text/javascript\">/* wordpress fix */</script>"},"content":{"customSize":"arfer","embed":"gwreiddio","embedInstructions":"Er mwyn ymgorffori'r eitem hon ar eich gwefan, cop�wch a gosodwch y cod isod.","height":"Hyd","iiif":"IIIF Manifest","share":"Rhannu","shareInstructions":"I rannu yr eitem hon, copïwch y URL isod.","size":"maint:","width":"Lled"}},"footerPanel":{"options":{"bookmarkEnabled":false,"embedEnabled":false,"feedbackEnabled":false,"minimiseButtons":true,"openEnabled":false,"shareEnabled":true},"content":{"bookmark":"Ychwanegu at nodau tudalen","download":"Lawrlwytho","embed":"Ymgorffori","exitFullScreen":"Dianc o'r sgrin lawn","fullScreen":"Sgrin lawn","open":"agored"}},"genericDialogue":{"content":{"ok":"GWELD"}},"headerPanel":{"content":{"close":"Cau","help":"Cymorth"}},"helpDialogue":{"content":{"text":"testun i'w osod","title":"Cymorth"}},"mediaelementCenterPanel":{"defaultHeight":576,"defaultWidth":720,"content":{}},"moreInfoRightPanel":{"options":{"canvasExclude":"","displayOrder":"","manifestExclude":"","panelAnimationDuration":250,"panelCollapsedWidth":30,"panelExpandedWidth":255},"content":{"attribution":"priodoliad","collapse":"Cuddio Mwy o Wybodaeth","collapseFull":"Cuddio'r Galeri","description":"disgrifiad","expand":"Ehangu Fwy o Wybodaeth","expandFull":"Ehangu'r Galeri","holdingText":"Eich modiwl fan hyn!","less":"llai","license":"trwydded","logo":"logo","more":"mwy","noData":"Nid oes data i'w arddangos","title":"gwybodaeth"}},"resourcesLeftPanel":{"options":{"expandFullEnabled":false,"panelAnimationDuration":250,"panelCollapsedWidth":30,"panelExpandedWidth":255,"panelOpen":true},"content":{"title":"Cynnwys"}},"dialogue":{"content":{"close":"Cau"}},"downloadDialogue":{"content":{"download":"Lawrlwytho","entireFileAsOriginal":"Y ffeil gyfan ({0})","noneAvailable":"Nid oes unrhyw opsiynau lawrlwytho ar gael.","preview":"Rhagolwg","title":"Lawrlwytho"}},"loginDialogue":{"content":{"login":"Mewngofnodi","cancel":"Diddymu"}},"settingsDialogue":{"content":{"locale":"Iaith","pagingEnabled":"Arddangos dwy dudalen","preserveViewport":"Cadw'r lefel o glosio","title":"Dewisiadau","website":"<a href='https://github.com/universalviewer/universalviewer'>mwy o wybodaeth</a>"}}},"localisation":{"label":"Cymraeg","locales":[{"name":"cy-GB","label":"Cymraeg"},{"name":"en-GB","label":"English (GB)"}]},"content":{"authCORSError":"Eich porwr yn peidio cefnogi CORS, os gwelwch yn dda uwchraddio i weld y cynnwys hwn.","authorisationFailedMessage":"Nid oedd yn ymddangos eich ymgais mewngofnodi i fod yn llwyddiannus . Trio eto os gwelwch yn dda.","degradedResourceMessage":"Os gwelwch yn dda mewngofnodwch i weld yn ansawdd llawn.","degradedResourceLogin":"Mewngofnodi","forbiddenResourceMessage":"Eich hawliau mynediad presennol yn annigonol i weld llun hwn"}}